,precision,recall,f1-score,support
EarlyAD,0.9926977687626775,0.9827309236947791,0.9876892028254288,2490.0
Healthy,0.993619879113499,0.9939536446086664,0.9937867338371117,2977.0
MCI,0.9761439186546734,0.9853928148440584,0.980746561886051,2533.0
accuracy,0.98775,0.98775,0.98775,0.98775
macro avg,0.9874871888436166,0.9873591277158346,0.9874074995161971,8000.0
weighted avg,0.9877995462865301,0.98775,0.9877600328657209,8000.0
